product_id,day_of_week,month,year,sales
1,7,1,2023,98
1,1,1,2023,168
1,2,1,2023,200
1,3,1,2023,227
1,4,1,2023,196
1,5,1,2023,59
1,6,1,2023,251
1,7,1,2023,220
1,1,1,2023,265
1,2,1,2023,216
1,3,1,2023,296
1,4,1,2023,221
1,5,1,2023,175
1,6,1,2023,261
1,7,1,2023,101
1,1,1,2023,99
1,2,1,2023,106
1,3,1,2023,171
1,4,1,2023,61
1,5,1,2023,91
1,6,1,2023,271
1,7,1,2023,116
1,1,1,2023,277
1,2,1,2023,224
1,3,1,2023,115
1,4,1,2023,191
1,5,1,2023,234
1,6,1,2023,54
1,7,1,2023,123
1,1,1,2023,65
1,2,1,2023,240
1,3,2,2023,167
1,4,2,2023,97
1,5,2,2023,235
1,6,2,2023,138
1,7,2,2023,205
1,1,2,2023,168
1,2,2,2023,278
1,3,2,2023,142
1,4,2,2023,176
1,5,2,2023,121
1,6,2,2023,129
1,7,2,2023,158
1,1,2,2023,188
1,2,2,2023,271
1,3,2,2023,197
1,4,2,2023,146
1,5,2,2023,103
1,6,2,2023,203
1,7,2,2023,129
1,1,2,2023,238
1,2,2,2023,267
1,3,2,2023,67
1,4,2,2023,68
1,5,2,2023,230
1,6,2,2023,170
1,7,2,2023,88
1,1,2,2023,287
1,2,2,2023,118
1,3,3,2023,66
1,4,3,2023,296
1,5,3,2023,119
1,6,3,2023,177
1,7,3,2023,171
1,1,3,2023,196
1,2,3,2023,206
1,3,3,2023,177
1,4,3,2023,62
1,5,3,2023,175
1,6,3,2023,97
1,7,3,2023,125
1,1,3,2023,262
1,2,3,2023,263
1,3,3,2023,248
1,4,3,2023,56
1,5,3,2023,73
1,6,3,2023,61
1,7,3,2023,168
1,1,3,2023,229
1,2,3,2023,234
1,3,3,2023,104
1,4,3,2023,59
1,5,3,2023,53
1,6,3,2023,257
1,7,3,2023,50
1,1,3,2023,126
1,2,3,2023,233
1,3,3,2023,166
1,4,3,2023,106
1,5,3,2023,174
1,6,4,2023,86
1,7,4,2023,149
1,1,4,2023,229
1,2,4,2023,166
1,3,4,2023,175
1,4,4,2023,196
1,5,4,2023,86
1,6,4,2023,71
1,7,4,2023,158
1,1,4,2023,187
1,2,4,2023,140
1,3,4,2023,179
1,4,4,2023,152
1,5,4,2023,244
1,6,4,2023,170
1,7,4,2023,135
1,1,4,2023,111
1,2,4,2023,224
1,3,4,2023,256
1,4,4,2023,207
1,5,4,2023,159
1,6,4,2023,83
1,7,4,2023,286
1,1,4,2023,167
1,2,4,2023,228
1,3,4,2023,222
1,4,4,2023,245
1,5,4,2023,274
1,6,4,2023,117
1,7,4,2023,162
1,1,5,2023,55
1,2,5,2023,153
1,3,5,2023,159
1,4,5,2023,175
1,5,5,2023,213
1,6,5,2023,289
1,7,5,2023,294
1,1,5,2023,148
1,2,5,2023,68
1,3,5,2023,241
1,4,5,2023,128
1,5,5,2023,111
1,6,5,2023,80
1,7,5,2023,173
1,1,5,2023,189
1,2,5,2023,84
1,3,5,2023,183
1,4,5,2023,175
1,5,5,2023,202
1,6,5,2023,187
1,7,5,2023,184
1,1,5,2023,191
1,2,5,2023,157
1,3,5,2023,68
1,4,5,2023,121
1,5,5,2023,283
1,6,5,2023,149
1,7,5,2023,122
1,1,5,2023,135
1,2,5,2023,269
1,3,5,2023,214
1,4,6,2023,298
1,5,6,2023,67
1,6,6,2023,231
1,7,6,2023,76
1,1,6,2023,66
1,2,6,2023,244
1,3,6,2023,150
1,4,6,2023,109
1,5,6,2023,277
1,6,6,2023,270
1,7,6,2023,81
1,1,6,2023,98
1,2,6,2023,253
1,3,6,2023,165
1,4,6,2023,141
1,5,6,2023,79
1,6,6,2023,204
1,7,6,2023,209
1,1,6,2023,156
1,2,6,2023,221
1,3,6,2023,237
1,4,6,2023,81
1,5,6,2023,177
1,6,6,2023,145
1,7,6,2023,197
1,1,6,2023,298
1,2,6,2023,121
1,3,6,2023,299
1,4,6,2023,287
1,5,6,2023,216
1,6,7,2023,55
1,7,7,2023,262
1,1,7,2023,145
1,2,7,2023,94
1,3,7,2023,192
1,4,7,2023,268
1,5,7,2023,82
1,6,7,2023,201
1,7,7,2023,121
1,1,7,2023,130
1,2,7,2023,56
1,3,7,2023,177
1,4,7,2023,195
1,5,7,2023,105
1,6,7,2023,78
1,7,7,2023,100
1,1,7,2023,99
1,2,7,2023,53
1,3,7,2023,151
1,4,7,2023,160
1,5,7,2023,218
1,6,7,2023,282
1,7,7,2023,284
1,1,7,2023,231
1,2,7,2023,222
1,3,7,2023,256
1,4,7,2023,53
1,5,7,2023,248
1,6,7,2023,84
1,7,7,2023,251
1,1,7,2023,53
1,2,8,2023,252
1,3,8,2023,230
1,4,8,2023,191
1,5,8,2023,211
1,6,8,2023,282
1,7,8,2023,128
1,1,8,2023,116
1,2,8,2023,229
1,3,8,2023,76
1,4,8,2023,177
1,5,8,2023,172
1,6,8,2023,192
1,7,8,2023,260
1,1,8,2023,55
1,2,8,2023,75
1,3,8,2023,138
1,4,8,2023,214
1,5,8,2023,298
1,6,8,2023,282
1,7,8,2023,192
1,1,8,2023,86
1,2,8,2023,273
1,3,8,2023,84
1,4,8,2023,299
1,5,8,2023,258
1,6,8,2023,264
1,7,8,2023,173
1,1,8,2023,111
1,2,8,2023,183
1,3,8,2023,249
1,4,8,2023,105
1,5,9,2023,231
1,6,9,2023,143
1,7,9,2023,165
1,1,9,2023,240
1,2,9,2023,118
1,3,9,2023,91
1,4,9,2023,244
1,5,9,2023,217
1,6,9,2023,268
1,7,9,2023,273
1,1,9,2023,133
1,2,9,2023,232
1,3,9,2023,98
1,4,9,2023,268
1,5,9,2023,238
1,6,9,2023,121
1,7,9,2023,268
1,1,9,2023,136
1,2,9,2023,213
1,3,9,2023,224
1,4,9,2023,144
1,5,9,2023,60
1,6,9,2023,57
1,7,9,2023,57
1,1,9,2023,229
1,2,9,2023,111
1,3,9,2023,263
1,4,9,2023,196
1,5,9,2023,99
1,6,9,2023,288
1,7,10,2023,165
1,1,10,2023,117
1,2,10,2023,203
1,3,10,2023,285
1,4,10,2023,284
1,5,10,2023,281
1,6,10,2023,298
1,7,10,2023,75
1,1,10,2023,97
1,2,10,2023,291
1,3,10,2023,171
1,4,10,2023,90
1,5,10,2023,227
1,6,10,2023,97
1,7,10,2023,261
1,1,10,2023,215
1,2,10,2023,117
1,3,10,2023,278
1,4,10,2023,265
1,5,10,2023,166
1,6,10,2023,138
1,7,10,2023,157
1,1,10,2023,202
1,2,10,2023,59
1,3,10,2023,191
1,4,10,2023,167
1,5,10,2023,91
1,6,10,2023,93
1,7,10,2023,265
1,1,10,2023,166
1,2,10,2023,59
1,3,11,2023,114
1,4,11,2023,215
1,5,11,2023,290
1,6,11,2023,265
1,7,11,2023,92
1,1,11,2023,141
1,2,11,2023,123
1,3,11,2023,260
1,4,11,2023,169
1,5,11,2023,141
1,6,11,2023,166
1,7,11,2023,195
1,1,11,2023,102
1,2,11,2023,205
1,3,11,2023,131
1,4,11,2023,78
1,5,11,2023,242
1,6,11,2023,285
1,7,11,2023,195
1,1,11,2023,84
1,2,11,2023,290
1,3,11,2023,79
1,4,11,2023,299
1,5,11,2023,142
1,6,11,2023,156
1,7,11,2023,239
1,1,11,2023,54
1,2,11,2023,72
1,3,11,2023,190
1,4,11,2023,291
1,5,12,2023,129
1,6,12,2023,275
1,7,12,2023,263
1,1,12,2023,116
1,2,12,2023,295
1,3,12,2023,149
1,4,12,2023,266
1,5,12,2023,144
1,6,12,2023,181
1,7,12,2023,97
1,1,12,2023,90
1,2,12,2023,283
1,3,12,2023,219
1,4,12,2023,218
1,5,12,2023,127
1,6,12,2023,219
1,7,12,2023,263
1,1,12,2023,51
1,2,12,2023,134
1,3,12,2023,125
1,4,12,2023,229
1,5,12,2023,101
1,6,12,2023,128
1,7,12,2023,285
1,1,12,2023,127
1,2,12,2023,271
1,3,12,2023,151
1,4,12,2023,294
1,5,12,2023,168
1,6,12,2023,246
1,7,12,2023,161
2,7,1,2023,63
2,1,1,2023,262
2,2,1,2023,270
2,3,1,2023,120
2,4,1,2023,225
2,5,1,2023,232
2,6,1,2023,181
2,7,1,2023,197
2,1,1,2023,225
2,2,1,2023,65
2,3,1,2023,128
2,4,1,2023,163
2,5,1,2023,129
2,6,1,2023,294
2,7,1,2023,233
2,1,1,2023,123
2,2,1,2023,64
2,3,1,2023,244
2,4,1,2023,164
2,5,1,2023,273
2,6,1,2023,239
2,7,1,2023,273
2,1,1,2023,93
2,2,1,2023,57
2,3,1,2023,71
2,4,1,2023,293
2,5,1,2023,227
2,6,1,2023,278
2,7,1,2023,201
2,1,1,2023,131
2,2,1,2023,124
2,3,2,2023,83
2,4,2,2023,120
2,5,2,2023,200
2,6,2,2023,90
2,7,2,2023,167
2,1,2,2023,228
2,2,2,2023,272
2,3,2,2023,226
2,4,2,2023,265
2,5,2,2023,142
2,6,2,2023,194
2,7,2,2023,68
2,1,2,2023,156
2,2,2,2023,92
2,3,2,2023,60
2,4,2,2023,271
2,5,2,2023,276
2,6,2,2023,146
2,7,2,2023,157
2,1,2,2023,264
2,2,2,2023,191
2,3,2,2023,65
2,4,2,2023,156
2,5,2,2023,181
2,6,2,2023,222
2,7,2,2023,114
2,1,2,2023,109
2,2,2,2023,294
2,3,3,2023,215
2,4,3,2023,101
2,5,3,2023,206
2,6,3,2023,299
2,7,3,2023,123
2,1,3,2023,294
2,2,3,2023,193
2,3,3,2023,235
2,4,3,2023,285
2,5,3,2023,166
2,6,3,2023,209
2,7,3,2023,238
2,1,3,2023,86
2,2,3,2023,128
2,3,3,2023,251
2,4,3,2023,229
2,5,3,2023,62
2,6,3,2023,55
2,7,3,2023,166
2,1,3,2023,190
2,2,3,2023,218
2,3,3,2023,156
2,4,3,2023,158
2,5,3,2023,107
2,6,3,2023,273
2,7,3,2023,277
2,1,3,2023,160
2,2,3,2023,239
2,3,3,2023,195
2,4,3,2023,57
2,5,3,2023,135
2,6,4,2023,246
2,7,4,2023,115
2,1,4,2023,64
2,2,4,2023,294
2,3,4,2023,120
2,4,4,2023,142
2,5,4,2023,204
2,6,4,2023,246
2,7,4,2023,228
2,1,4,2023,85
2,2,4,2023,233
2,3,4,2023,65
2,4,4,2023,67
2,5,4,2023,219
2,6,4,2023,275
2,7,4,2023,53
2,1,4,2023,193
2,2,4,2023,178
2,3,4,2023,233
2,4,4,2023,234
2,5,4,2023,261
2,6,4,2023,169
2,7,4,2023,123
2,1,4,2023,148
2,2,4,2023,88
2,3,4,2023,256
2,4,4,2023,199
2,5,4,2023,177
2,6,4,2023,269
2,7,4,2023,135
2,1,5,2023,241
2,2,5,2023,220
2,3,5,2023,91
2,4,5,2023,87
2,5,5,2023,295
2,6,5,2023,119
2,7,5,2023,148
2,1,5,2023,295
2,2,5,2023,127
2,3,5,2023,62
2,4,5,2023,205
2,5,5,2023,105
2,6,5,2023,153
2,7,5,2023,58
2,1,5,2023,111
2,2,5,2023,197
2,3,5,2023,130
2,4,5,2023,288
2,5,5,2023,85
2,6,5,2023,86
2,7,5,2023,217
2,1,5,2023,118
2,2,5,2023,179
2,3,5,2023,198
2,4,5,2023,207
2,5,5,2023,299
2,6,5,2023,139
2,7,5,2023,61
2,1,5,2023,58
2,2,5,2023,244
2,3,5,2023,277
2,4,6,2023,259
2,5,6,2023,278
2,6,6,2023,263
2,7,6,2023,135
2,1,6,2023,229
2,2,6,2023,112
2,3,6,2023,266
2,4,6,2023,193
2,5,6,2023,111
2,6,6,2023,154
2,7,6,2023,149
2,1,6,2023,82
2,2,6,2023,134
2,3,6,2023,89
2,4,6,2023,146
2,5,6,2023,213
2,6,6,2023,90
2,7,6,2023,134
2,1,6,2023,80
2,2,6,2023,127
2,3,6,2023,131
2,4,6,2023,200
2,5,6,2023,205
2,6,6,2023,205
2,7,6,2023,246
2,1,6,2023,129
2,2,6,2023,91
2,3,6,2023,230
2,4,6,2023,93
2,5,6,2023,202
2,6,7,2023,262
2,7,7,2023,87
2,1,7,2023,94
2,2,7,2023,281
2,3,7,2023,258
2,4,7,2023,233
2,5,7,2023,158
2,6,7,2023,250
2,7,7,2023,214
2,1,7,2023,237
2,2,7,2023,113
2,3,7,2023,124
2,4,7,2023,248
2,5,7,2023,196
2,6,7,2023,109
2,7,7,2023,204
2,1,7,2023,219
2,2,7,2023,93
2,3,7,2023,72
2,4,7,2023,234
2,5,7,2023,220
2,6,7,2023,154
2,7,7,2023,83
2,1,7,2023,126
2,2,7,2023,177
2,3,7,2023,81
2,4,7,2023,146
2,5,7,2023,188
2,6,7,2023,276
2,7,7,2023,234
2,1,7,2023,238
2,2,8,2023,85
2,3,8,2023,90
2,4,8,2023,171
2,5,8,2023,244
2,6,8,2023,218
2,7,8,2023,212
2,1,8,2023,262
2,2,8,2023,284
2,3,8,2023,213
2,4,8,2023,157
2,5,8,2023,293
2,6,8,2023,223
2,7,8,2023,266
2,1,8,2023,216
2,2,8,2023,150
2,3,8,2023,292
2,4,8,2023,82
2,5,8,2023,269
2,6,8,2023,136
2,7,8,2023,271
2,1,8,2023,189
2,2,8,2023,269
2,3,8,2023,113
2,4,8,2023,256
2,5,8,2023,134
2,6,8,2023,194
2,7,8,2023,173
2,1,8,2023,295
2,2,8,2023,271
2,3,8,2023,239
2,4,8,2023,204
2,5,9,2023,271
2,6,9,2023,89
2,7,9,2023,256
2,1,9,2023,175
2,2,9,2023,291
2,3,9,2023,225
2,4,9,2023,91
2,5,9,2023,157
2,6,9,2023,80
2,7,9,2023,162
2,1,9,2023,88
2,2,9,2023,80
2,3,9,2023,192
2,4,9,2023,296
2,5,9,2023,112
2,6,9,2023,96
2,7,9,2023,186
2,1,9,2023,53
2,2,9,2023,161
2,3,9,2023,286
2,4,9,2023,245
2,5,9,2023,245
2,6,9,2023,109
2,7,9,2023,181
2,1,9,2023,203
2,2,9,2023,169
2,3,9,2023,191
2,4,9,2023,219
2,5,9,2023,64
2,6,9,2023,202
2,7,10,2023,191
2,1,10,2023,289
2,2,10,2023,75
2,3,10,2023,151
2,4,10,2023,117
2,5,10,2023,152
2,6,10,2023,76
2,7,10,2023,161
2,1,10,2023,210
2,2,10,2023,76
2,3,10,2023,152
2,4,10,2023,219
2,5,10,2023,86
2,6,10,2023,186
2,7,10,2023,103
2,1,10,2023,283
2,2,10,2023,264
2,3,10,2023,233
2,4,10,2023,241
2,5,10,2023,252
2,6,10,2023,252
2,7,10,2023,259
2,1,10,2023,187
2,2,10,2023,83
2,3,10,2023,272
2,4,10,2023,165
2,5,10,2023,202
2,6,10,2023,249
2,7,10,2023,77
2,1,10,2023,139
2,2,10,2023,282
2,3,11,2023,278
2,4,11,2023,191
2,5,11,2023,264
2,6,11,2023,223
2,7,11,2023,179
2,1,11,2023,271
2,2,11,2023,278
2,3,11,2023,159
2,4,11,2023,253
2,5,11,2023,104
2,6,11,2023,130
2,7,11,2023,123
2,1,11,2023,218
2,2,11,2023,243
2,3,11,2023,259
2,4,11,2023,178
2,5,11,2023,87
2,6,11,2023,213
2,7,11,2023,259
2,1,11,2023,184
2,2,11,2023,258
2,3,11,2023,98
2,4,11,2023,158
2,5,11,2023,85
2,6,11,2023,185
2,7,11,2023,197
2,1,11,2023,162
2,2,11,2023,193
2,3,11,2023,233
2,4,11,2023,61
2,5,12,2023,294
2,6,12,2023,205
2,7,12,2023,214
2,1,12,2023,56
2,2,12,2023,53
2,3,12,2023,176
2,4,12,2023,296
2,5,12,2023,272
2,6,12,2023,219
2,7,12,2023,106
2,1,12,2023,185
2,2,12,2023,114
2,3,12,2023,57
2,4,12,2023,170
2,5,12,2023,246
2,6,12,2023,93
2,7,12,2023,168
2,1,12,2023,199
2,2,12,2023,131
2,3,12,2023,243
2,4,12,2023,142
2,5,12,2023,152
2,6,12,2023,58
2,7,12,2023,291
2,1,12,2023,284
2,2,12,2023,273
2,3,12,2023,148
2,4,12,2023,183
2,5,12,2023,232
2,6,12,2023,233
2,7,12,2023,226
3,7,1,2023,177
3,1,1,2023,81
3,2,1,2023,245
3,3,1,2023,98
3,4,1,2023,284
3,5,1,2023,71
3,6,1,2023,237
3,7,1,2023,98
3,1,1,2023,122
3,2,1,2023,101
3,3,1,2023,111
3,4,1,2023,192
3,5,1,2023,138
3,6,1,2023,168
3,7,1,2023,63
3,1,1,2023,219
3,2,1,2023,288
3,3,1,2023,137
3,4,1,2023,83
3,5,1,2023,264
3,6,1,2023,88
3,7,1,2023,235
3,1,1,2023,243
3,2,1,2023,292
3,3,1,2023,264
3,4,1,2023,251
3,5,1,2023,71
3,6,1,2023,290
3,7,1,2023,67
3,1,1,2023,157
3,2,1,2023,63
3,3,2,2023,235
3,4,2,2023,255
3,5,2,2023,135
3,6,2,2023,253
3,7,2,2023,99
3,1,2,2023,220
3,2,2,2023,214
3,3,2,2023,137
3,4,2,2023,238
3,5,2,2023,124
3,6,2,2023,180
3,7,2,2023,176
3,1,2,2023,263
3,2,2,2023,166
3,3,2,2023,60
3,4,2,2023,127
3,5,2,2023,286
3,6,2,2023,93
3,7,2,2023,257
3,1,2,2023,65
3,2,2,2023,212
3,3,2,2023,253
3,4,2,2023,224
3,5,2,2023,92
3,6,2,2023,268
3,7,2,2023,192
3,1,2,2023,102
3,2,2,2023,148
3,3,3,2023,74
3,4,3,2023,253
3,5,3,2023,149
3,6,3,2023,175
3,7,3,2023,299
3,1,3,2023,101
3,2,3,2023,140
3,3,3,2023,252
3,4,3,2023,126
3,5,3,2023,222
3,6,3,2023,240
3,7,3,2023,198
3,1,3,2023,216
3,2,3,2023,221
3,3,3,2023,202
3,4,3,2023,190
3,5,3,2023,112
3,6,3,2023,169
3,7,3,2023,272
3,1,3,2023,227
3,2,3,2023,137
3,3,3,2023,122
3,4,3,2023,70
3,5,3,2023,188
3,6,3,2023,117
3,7,3,2023,62
3,1,3,2023,229
3,2,3,2023,69
3,3,3,2023,265
3,4,3,2023,90
3,5,3,2023,69
3,6,4,2023,77
3,7,4,2023,242
3,1,4,2023,139
3,2,4,2023,133
3,3,4,2023,75
3,4,4,2023,283
3,5,4,2023,126
3,6,4,2023,87
3,7,4,2023,242
3,1,4,2023,142
3,2,4,2023,189
3,3,4,2023,103
3,4,4,2023,161
3,5,4,2023,110
3,6,4,2023,158
3,7,4,2023,161
3,1,4,2023,73
3,2,4,2023,55
3,3,4,2023,107
3,4,4,2023,123
3,5,4,2023,280
3,6,4,2023,128
3,7,4,2023,245
3,1,4,2023,223
3,2,4,2023,211
3,3,4,2023,279
3,4,4,2023,85
3,5,4,2023,152
3,6,4,2023,135
3,7,4,2023,207
3,1,5,2023,280
3,2,5,2023,131
3,3,5,2023,164
3,4,5,2023,191
3,5,5,2023,246
3,6,5,2023,180
3,7,5,2023,258
3,1,5,2023,287
3,2,5,2023,247
3,3,5,2023,180
3,4,5,2023,141
3,5,5,2023,297
3,6,5,2023,220
3,7,5,2023,85
3,1,5,2023,269
3,2,5,2023,161
3,3,5,2023,121
3,4,5,2023,293
3,5,5,2023,285
3,6,5,2023,219
3,7,5,2023,232
3,1,5,2023,251
3,2,5,2023,256
3,3,5,2023,69
3,4,5,2023,197
3,5,5,2023,258
3,6,5,2023,250
3,7,5,2023,158
3,1,5,2023,223
3,2,5,2023,284
3,3,5,2023,56
3,4,6,2023,198
3,5,6,2023,113
3,6,6,2023,129
3,7,6,2023,112
3,1,6,2023,242
3,2,6,2023,266
3,3,6,2023,265
3,4,6,2023,228
3,5,6,2023,183
3,6,6,2023,99
3,7,6,2023,109
3,1,6,2023,178
3,2,6,2023,123
3,3,6,2023,54
3,4,6,2023,134
3,5,6,2023,286
3,6,6,2023,278
3,7,6,2023,228
3,1,6,2023,292
3,2,6,2023,270
3,3,6,2023,138
3,4,6,2023,202
3,5,6,2023,237
3,6,6,2023,202
3,7,6,2023,169
3,1,6,2023,244
3,2,6,2023,171
3,3,6,2023,171
3,4,6,2023,221
3,5,6,2023,227
3,6,7,2023,263
3,7,7,2023,104
3,1,7,2023,156
3,2,7,2023,144
3,3,7,2023,223
3,4,7,2023,81
3,5,7,2023,270
3,6,7,2023,67
3,7,7,2023,277
3,1,7,2023,96
3,2,7,2023,149
3,3,7,2023,296
3,4,7,2023,254
3,5,7,2023,150
3,6,7,2023,190
3,7,7,2023,225
3,1,7,2023,114
3,2,7,2023,262
3,3,7,2023,286
3,4,7,2023,249
3,5,7,2023,136
3,6,7,2023,293
3,7,7,2023,131
3,1,7,2023,114
3,2,7,2023,138
3,3,7,2023,132
3,4,7,2023,161
3,5,7,2023,237
3,6,7,2023,167
3,7,7,2023,72
3,1,7,2023,133
3,2,8,2023,285
3,3,8,2023,165
3,4,8,2023,273
3,5,8,2023,78
3,6,8,2023,257
3,7,8,2023,186
3,1,8,2023,227
3,2,8,2023,245
3,3,8,2023,100
3,4,8,2023,245
3,5,8,2023,269
3,6,8,2023,281
3,7,8,2023,285
3,1,8,2023,82
3,2,8,2023,117
3,3,8,2023,298
3,4,8,2023,234
3,5,8,2023,91
3,6,8,2023,157
3,7,8,2023,63
3,1,8,2023,118
3,2,8,2023,69
3,3,8,2023,76
3,4,8,2023,226
3,5,8,2023,231
3,6,8,2023,133
3,7,8,2023,76
3,1,8,2023,217
3,2,8,2023,135
3,3,8,2023,139
3,4,8,2023,240
3,5,9,2023,107
3,6,9,2023,228
3,7,9,2023,80
3,1,9,2023,98
3,2,9,2023,239
3,3,9,2023,225
3,4,9,2023,52
3,5,9,2023,69
3,6,9,2023,81
3,7,9,2023,177
3,1,9,2023,204
3,2,9,2023,285
3,3,9,2023,93
3,4,9,2023,244
3,5,9,2023,169
3,6,9,2023,263
3,7,9,2023,146
3,1,9,2023,155
3,2,9,2023,160
3,3,9,2023,87
3,4,9,2023,88
3,5,9,2023,63
3,6,9,2023,111
3,7,9,2023,158
3,1,9,2023,68
3,2,9,2023,88
3,3,9,2023,266
3,4,9,2023,63
3,5,9,2023,96
3,6,9,2023,178
3,7,10,2023,77
3,1,10,2023,171
3,2,10,2023,139
3,3,10,2023,223
3,4,10,2023,213
3,5,10,2023,216
3,6,10,2023,106
3,7,10,2023,299
3,1,10,2023,129
3,2,10,2023,92
3,3,10,2023,132
3,4,10,2023,146
3,5,10,2023,192
3,6,10,2023,151
3,7,10,2023,277
3,1,10,2023,124
3,2,10,2023,234
3,3,10,2023,73
3,4,10,2023,73
3,5,10,2023,149
3,6,10,2023,230
3,7,10,2023,188
3,1,10,2023,109
3,2,10,2023,279
3,3,10,2023,75
3,4,10,2023,152
3,5,10,2023,247
3,6,10,2023,160
3,7,10,2023,117
3,1,10,2023,261
3,2,10,2023,192
3,3,11,2023,90
3,4,11,2023,75
3,5,11,2023,68
3,6,11,2023,268
3,7,11,2023,81
3,1,11,2023,244
3,2,11,2023,86
3,3,11,2023,84
3,4,11,2023,141
3,5,11,2023,67
3,6,11,2023,196
3,7,11,2023,283
3,1,11,2023,224
3,2,11,2023,158
3,3,11,2023,64
3,4,11,2023,108
3,5,11,2023,170
3,6,11,2023,57
3,7,11,2023,201
3,1,11,2023,193
3,2,11,2023,60
3,3,11,2023,225
3,4,11,2023,73
3,5,11,2023,283
3,6,11,2023,139
3,7,11,2023,66
3,1,11,2023,283
3,2,11,2023,276
3,3,11,2023,121
3,4,11,2023,123
3,5,12,2023,74
3,6,12,2023,66
3,7,12,2023,240
3,1,12,2023,129
3,2,12,2023,243
3,3,12,2023,66
3,4,12,2023,131
3,5,12,2023,101
3,6,12,2023,220
3,7,12,2023,166
3,1,12,2023,191
3,2,12,2023,91
3,3,12,2023,92
3,4,12,2023,232
3,5,12,2023,253
3,6,12,2023,267
3,7,12,2023,169
3,1,12,2023,220
3,2,12,2023,176
3,3,12,2023,113
3,4,12,2023,151
3,5,12,2023,63
3,6,12,2023,143
3,7,12,2023,202
3,1,12,2023,170
3,2,12,2023,209
3,3,12,2023,94
3,4,12,2023,171
3,5,12,2023,191
3,6,12,2023,99
3,7,12,2023,220
4,7,1,2023,65
4,1,1,2023,187
4,2,1,2023,292
4,3,1,2023,269
4,4,1,2023,262
4,5,1,2023,286
4,6,1,2023,103
4,7,1,2023,79
4,1,1,2023,148
4,2,1,2023,242
4,3,1,2023,180
4,4,1,2023,277
4,5,1,2023,52
4,6,1,2023,126
4,7,1,2023,247
4,1,1,2023,138
4,2,1,2023,138
4,3,1,2023,248
4,4,1,2023,219
4,5,1,2023,191
4,6,1,2023,62
4,7,1,2023,109
4,1,1,2023,240
4,2,1,2023,243
4,3,1,2023,282
4,4,1,2023,276
4,5,1,2023,60
4,6,1,2023,169
4,7,1,2023,185
4,1,1,2023,124
4,2,1,2023,163
4,3,2,2023,156
4,4,2,2023,206
4,5,2,2023,140
4,6,2,2023,272
4,7,2,2023,99
4,1,2,2023,237
4,2,2,2023,115
4,3,2,2023,229
4,4,2,2023,236
4,5,2,2023,260
4,6,2,2023,290
4,7,2,2023,278
4,1,2,2023,209
4,2,2,2023,167
4,3,2,2023,264
4,4,2,2023,243
4,5,2,2023,195
4,6,2,2023,227
4,7,2,2023,299
4,1,2,2023,77
4,2,2,2023,232
4,3,2,2023,68
4,4,2,2023,247
4,5,2,2023,111
4,6,2,2023,163
4,7,2,2023,157
4,1,2,2023,58
4,2,2,2023,117
4,3,3,2023,100
4,4,3,2023,115
4,5,3,2023,285
4,6,3,2023,263
4,7,3,2023,70
4,1,3,2023,100
4,2,3,2023,221
4,3,3,2023,217
4,4,3,2023,283
4,5,3,2023,160
4,6,3,2023,52
4,7,3,2023,148
4,1,3,2023,114
4,2,3,2023,110
4,3,3,2023,178
4,4,3,2023,74
4,5,3,2023,247
4,6,3,2023,260
4,7,3,2023,95
4,1,3,2023,251
4,2,3,2023,164
4,3,3,2023,194
4,4,3,2023,123
4,5,3,2023,289
4,6,3,2023,74
4,7,3,2023,208
4,1,3,2023,132
4,2,3,2023,182
4,3,3,2023,106
4,4,3,2023,239
4,5,3,2023,264
4,6,4,2023,209
4,7,4,2023,52
4,1,4,2023,262
4,2,4,2023,180
4,3,4,2023,158
4,4,4,2023,183
4,5,4,2023,85
4,6,4,2023,130
4,7,4,2023,172
4,1,4,2023,50
4,2,4,2023,69
4,3,4,2023,260
4,4,4,2023,79
4,5,4,2023,143
4,6,4,2023,92
4,7,4,2023,109
4,1,4,2023,280
4,2,4,2023,242
4,3,4,2023,103
4,4,4,2023,254
4,5,4,2023,129
4,6,4,2023,146
4,7,4,2023,62
4,1,4,2023,250
4,2,4,2023,266
4,3,4,2023,101
4,4,4,2023,58
4,5,4,2023,50
4,6,4,2023,77
4,7,4,2023,205
4,1,5,2023,274
4,2,5,2023,111
4,3,5,2023,242
4,4,5,2023,165
4,5,5,2023,299
4,6,5,2023,176
4,7,5,2023,176
4,1,5,2023,179
4,2,5,2023,211
4,3,5,2023,297
4,4,5,2023,96
4,5,5,2023,96
4,6,5,2023,218
4,7,5,2023,92
4,1,5,2023,237
4,2,5,2023,209
4,3,5,2023,179
4,4,5,2023,151
4,5,5,2023,206
4,6,5,2023,240
4,7,5,2023,72
4,1,5,2023,115
4,2,5,2023,242
4,3,5,2023,79
4,4,5,2023,234
4,5,5,2023,224
4,6,5,2023,122
4,7,5,2023,285
4,1,5,2023,77
4,2,5,2023,123
4,3,5,2023,256
4,4,6,2023,176
4,5,6,2023,228
4,6,6,2023,138
4,7,6,2023,87
4,1,6,2023,194
4,2,6,2023,183
4,3,6,2023,185
4,4,6,2023,175
4,5,6,2023,254
4,6,6,2023,198
4,7,6,2023,88
4,1,6,2023,276
4,2,6,2023,284
4,3,6,2023,123
4,4,6,2023,167
4,5,6,2023,258
4,6,6,2023,299
4,7,6,2023,229
4,1,6,2023,236
4,2,6,2023,205
4,3,6,2023,112
4,4,6,2023,114
4,5,6,2023,200
4,6,6,2023,239
4,7,6,2023,55
4,1,6,2023,104
4,2,6,2023,188
4,3,6,2023,61
4,4,6,2023,124
4,5,6,2023,247
4,6,7,2023,245
4,7,7,2023,86
4,1,7,2023,163
4,2,7,2023,239
4,3,7,2023,279
4,4,7,2023,75
4,5,7,2023,291
4,6,7,2023,227
4,7,7,2023,297
4,1,7,2023,181
4,2,7,2023,206
4,3,7,2023,271
4,4,7,2023,214
4,5,7,2023,210
4,6,7,2023,115
4,7,7,2023,258
4,1,7,2023,100
4,2,7,2023,140
4,3,7,2023,268
4,4,7,2023,89
4,5,7,2023,179
4,6,7,2023,150
4,7,7,2023,131
4,1,7,2023,226
4,2,7,2023,232
4,3,7,2023,73
4,4,7,2023,133
4,5,7,2023,87
4,6,7,2023,249
4,7,7,2023,158
4,1,7,2023,178
4,2,8,2023,262
4,3,8,2023,98
4,4,8,2023,95
4,5,8,2023,228
4,6,8,2023,123
4,7,8,2023,279
4,1,8,2023,120
4,2,8,2023,64
4,3,8,2023,260
4,4,8,2023,234
4,5,8,2023,155
4,6,8,2023,169
4,7,8,2023,116
4,1,8,2023,107
4,2,8,2023,127
4,3,8,2023,260
4,4,8,2023,207
4,5,8,2023,164
4,6,8,2023,208
4,7,8,2023,256
4,1,8,2023,145
4,2,8,2023,202
4,3,8,2023,180
4,4,8,2023,275
4,5,8,2023,153
4,6,8,2023,205
4,7,8,2023,266
4,1,8,2023,53
4,2,8,2023,176
4,3,8,2023,159
4,4,8,2023,171
4,5,9,2023,147
4,6,9,2023,192
4,7,9,2023,218
4,1,9,2023,174
4,2,9,2023,197
4,3,9,2023,77
4,4,9,2023,118
4,5,9,2023,296
4,6,9,2023,257
4,7,9,2023,105
4,1,9,2023,114
4,2,9,2023,195
4,3,9,2023,243
4,4,9,2023,177
4,5,9,2023,176
4,6,9,2023,170
4,7,9,2023,167
4,1,9,2023,290
4,2,9,2023,59
4,3,9,2023,204
4,4,9,2023,53
4,5,9,2023,150
4,6,9,2023,243
4,7,9,2023,59
4,1,9,2023,61
4,2,9,2023,80
4,3,9,2023,65
4,4,9,2023,53
4,5,9,2023,169
4,6,9,2023,190
4,7,10,2023,153
4,1,10,2023,295
4,2,10,2023,162
4,3,10,2023,100
4,4,10,2023,229
4,5,10,2023,161
4,6,10,2023,178
4,7,10,2023,89
4,1,10,2023,284
4,2,10,2023,277
4,3,10,2023,141
4,4,10,2023,52
4,5,10,2023,228
4,6,10,2023,223
4,7,10,2023,190
4,1,10,2023,191
4,2,10,2023,214
4,3,10,2023,64
4,4,10,2023,231
4,5,10,2023,98
4,6,10,2023,101
4,7,10,2023,252
4,1,10,2023,154
4,2,10,2023,63
4,3,10,2023,198
4,4,10,2023,137
4,5,10,2023,80
4,6,10,2023,277
4,7,10,2023,55
4,1,10,2023,285
4,2,10,2023,294
4,3,11,2023,298
4,4,11,2023,159
4,5,11,2023,295
4,6,11,2023,83
4,7,11,2023,148
4,1,11,2023,179
4,2,11,2023,178
4,3,11,2023,271
4,4,11,2023,143
4,5,11,2023,294
4,6,11,2023,210
4,7,11,2023,255
4,1,11,2023,134
4,2,11,2023,52
4,3,11,2023,227
4,4,11,2023,118
4,5,11,2023,186
4,6,11,2023,141
4,7,11,2023,117
4,1,11,2023,106
4,2,11,2023,114
4,3,11,2023,256
4,4,11,2023,243
4,5,11,2023,87
4,6,11,2023,109
4,7,11,2023,252
4,1,11,2023,60
4,2,11,2023,82
4,3,11,2023,210
4,4,11,2023,95
4,5,12,2023,155
4,6,12,2023,261
4,7,12,2023,103
4,1,12,2023,148
4,2,12,2023,142
4,3,12,2023,148
4,4,12,2023,203
4,5,12,2023,226
4,6,12,2023,54
4,7,12,2023,88
4,1,12,2023,231
4,2,12,2023,202
4,3,12,2023,253
4,4,12,2023,242
4,5,12,2023,73
4,6,12,2023,144
4,7,12,2023,179
4,1,12,2023,99
4,2,12,2023,203
4,3,12,2023,179
4,4,12,2023,242
4,5,12,2023,132
4,6,12,2023,134
4,7,12,2023,201
4,1,12,2023,129
4,2,12,2023,242
4,3,12,2023,242
4,4,12,2023,238
4,5,12,2023,285
4,6,12,2023,280
4,7,12,2023,113
5,7,1,2023,106
5,1,1,2023,142
5,2,1,2023,64
5,3,1,2023,100
5,4,1,2023,142
5,5,1,2023,52
5,6,1,2023,298
5,7,1,2023,140
5,1,1,2023,280
5,2,1,2023,112
5,3,1,2023,122
5,4,1,2023,184
5,5,1,2023,142
5,6,1,2023,76
5,7,1,2023,92
5,1,1,2023,74
5,2,1,2023,59
5,3,1,2023,226
5,4,1,2023,155
5,5,1,2023,271
5,6,1,2023,186
5,7,1,2023,96
5,1,1,2023,182
5,2,1,2023,141
5,3,1,2023,268
5,4,1,2023,238
5,5,1,2023,59
5,6,1,2023,143
5,7,1,2023,211
5,1,1,2023,216
5,2,1,2023,62
5,3,2,2023,81
5,4,2,2023,142
5,5,2,2023,126
5,6,2,2023,299
5,7,2,2023,196
5,1,2,2023,146
5,2,2,2023,97
5,3,2,2023,109
5,4,2,2023,298
5,5,2,2023,290
5,6,2,2023,199
5,7,2,2023,103
5,1,2,2023,68
5,2,2,2023,210
5,3,2,2023,244
5,4,2,2023,106
5,5,2,2023,85
5,6,2,2023,84
5,7,2,2023,199
5,1,2,2023,262
5,2,2,2023,271
5,3,2,2023,140
5,4,2,2023,160
5,5,2,2023,137
5,6,2,2023,97
5,7,2,2023,202
5,1,2,2023,243
5,2,2,2023,233
5,3,3,2023,155
5,4,3,2023,77
5,5,3,2023,251
5,6,3,2023,258
5,7,3,2023,270
5,1,3,2023,169
5,2,3,2023,236
5,3,3,2023,236
5,4,3,2023,165
5,5,3,2023,259
5,6,3,2023,212
5,7,3,2023,180
5,1,3,2023,263
5,2,3,2023,78
5,3,3,2023,145
5,4,3,2023,253
5,5,3,2023,271
5,6,3,2023,292
5,7,3,2023,286
5,1,3,2023,235
5,2,3,2023,160
5,3,3,2023,223
5,4,3,2023,238
5,5,3,2023,176
5,6,3,2023,180
5,7,3,2023,145
5,1,3,2023,109
5,2,3,2023,72
5,3,3,2023,171
5,4,3,2023,240
5,5,3,2023,92
5,6,4,2023,274
5,7,4,2023,91
5,1,4,2023,143
5,2,4,2023,259
5,3,4,2023,154
5,4,4,2023,110
5,5,4,2023,178
5,6,4,2023,198
5,7,4,2023,187
5,1,4,2023,184
5,2,4,2023,91
5,3,4,2023,130
5,4,4,2023,56
5,5,4,2023,262
5,6,4,2023,229
5,7,4,2023,86
5,1,4,2023,229
5,2,4,2023,189
5,3,4,2023,234
5,4,4,2023,119
5,5,4,2023,79
5,6,4,2023,93
5,7,4,2023,256
5,1,4,2023,173
5,2,4,2023,144
5,3,4,2023,112
5,4,4,2023,99
5,5,4,2023,130
5,6,4,2023,244
5,7,4,2023,62
5,1,5,2023,292
5,2,5,2023,242
5,3,5,2023,219
5,4,5,2023,295
5,5,5,2023,56
5,6,5,2023,125
5,7,5,2023,62
5,1,5,2023,54
5,2,5,2023,281
5,3,5,2023,178
5,4,5,2023,261
5,5,5,2023,154
5,6,5,2023,229
5,7,5,2023,106
5,1,5,2023,157
5,2,5,2023,139
5,3,5,2023,228
5,4,5,2023,191
5,5,5,2023,162
5,6,5,2023,147
5,7,5,2023,91
5,1,5,2023,166
5,2,5,2023,267
5,3,5,2023,54
5,4,5,2023,123
5,5,5,2023,259
5,6,5,2023,274
5,7,5,2023,75
5,1,5,2023,203
5,2,5,2023,171
5,3,5,2023,269
5,4,6,2023,234
5,5,6,2023,270
5,6,6,2023,235
5,7,6,2023,174
5,1,6,2023,79
5,2,6,2023,165
5,3,6,2023,238
5,4,6,2023,209
5,5,6,2023,276
5,6,6,2023,295
5,7,6,2023,226
5,1,6,2023,111
5,2,6,2023,131
5,3,6,2023,246
5,4,6,2023,113
5,5,6,2023,194
5,6,6,2023,275
5,7,6,2023,271
5,1,6,2023,257
5,2,6,2023,181
5,3,6,2023,200
5,4,6,2023,283
5,5,6,2023,219
5,6,6,2023,291
5,7,6,2023,205
5,1,6,2023,202
5,2,6,2023,254
5,3,6,2023,141
5,4,6,2023,292
5,5,6,2023,239
5,6,7,2023,278
5,7,7,2023,224
5,1,7,2023,139
5,2,7,2023,296
5,3,7,2023,62
5,4,7,2023,260
5,5,7,2023,147
5,6,7,2023,283
5,7,7,2023,267
5,1,7,2023,111
5,2,7,2023,113
5,3,7,2023,92
5,4,7,2023,183
5,5,7,2023,270
5,6,7,2023,229
5,7,7,2023,121
5,1,7,2023,72
5,2,7,2023,286
5,3,7,2023,269
5,4,7,2023,97
5,5,7,2023,267
5,6,7,2023,161
5,7,7,2023,192
5,1,7,2023,297
5,2,7,2023,286
5,3,7,2023,98
5,4,7,2023,133
5,5,7,2023,168
5,6,7,2023,125
5,7,7,2023,284
5,1,7,2023,74
5,2,8,2023,122
5,3,8,2023,221
5,4,8,2023,290
5,5,8,2023,117
5,6,8,2023,247
5,7,8,2023,281
5,1,8,2023,125
5,2,8,2023,79
5,3,8,2023,237
5,4,8,2023,157
5,5,8,2023,234
5,6,8,2023,292
5,7,8,2023,238
5,1,8,2023,275
5,2,8,2023,247
5,3,8,2023,173
5,4,8,2023,209
5,5,8,2023,297
5,6,8,2023,85
5,7,8,2023,116
5,1,8,2023,210
5,2,8,2023,172
5,3,8,2023,217
5,4,8,2023,64
5,5,8,2023,105
5,6,8,2023,261
5,7,8,2023,61
5,1,8,2023,53
5,2,8,2023,297
5,3,8,2023,94
5,4,8,2023,181
5,5,9,2023,216
5,6,9,2023,171
5,7,9,2023,273
5,1,9,2023,201
5,2,9,2023,86
5,3,9,2023,239
5,4,9,2023,277
5,5,9,2023,179
5,6,9,2023,206
5,7,9,2023,165
5,1,9,2023,252
5,2,9,2023,154
5,3,9,2023,79
5,4,9,2023,161
5,5,9,2023,127
5,6,9,2023,124
5,7,9,2023,245
5,1,9,2023,272
5,2,9,2023,121
5,3,9,2023,245
5,4,9,2023,114
5,5,9,2023,179
5,6,9,2023,222
5,7,9,2023,70
5,1,9,2023,180
5,2,9,2023,70
5,3,9,2023,287
5,4,9,2023,168
5,5,9,2023,93
5,6,9,2023,156
5,7,10,2023,180
5,1,10,2023,87
5,2,10,2023,162
5,3,10,2023,132
5,4,10,2023,211
5,5,10,2023,51
5,6,10,2023,270
5,7,10,2023,254
5,1,10,2023,67
5,2,10,2023,76
5,3,10,2023,156
5,4,10,2023,134
5,5,10,2023,73
5,6,10,2023,230
5,7,10,2023,134
5,1,10,2023,111
5,2,10,2023,173
5,3,10,2023,101
5,4,10,2023,281
5,5,10,2023,219
5,6,10,2023,277
5,7,10,2023,171
5,1,10,2023,119
5,2,10,2023,285
5,3,10,2023,163
5,4,10,2023,173
5,5,10,2023,260
5,6,10,2023,272
5,7,10,2023,213
5,1,10,2023,202
5,2,10,2023,235
5,3,11,2023,104
5,4,11,2023,214
5,5,11,2023,79
5,6,11,2023,198
5,7,11,2023,102
5,1,11,2023,283
5,2,11,2023,271
5,3,11,2023,55
5,4,11,2023,289
5,5,11,2023,239
5,6,11,2023,66
5,7,11,2023,273
5,1,11,2023,123
5,2,11,2023,207
5,3,11,2023,78
5,4,11,2023,283
5,5,11,2023,274
5,6,11,2023,94
5,7,11,2023,263
5,1,11,2023,149
5,2,11,2023,140
5,3,11,2023,163
5,4,11,2023,162
5,5,11,2023,105
5,6,11,2023,286
5,7,11,2023,288
5,1,11,2023,293
5,2,11,2023,188
5,3,11,2023,66
5,4,11,2023,205
5,5,12,2023,189
5,6,12,2023,251
5,7,12,2023,288
5,1,12,2023,236
5,2,12,2023,111
5,3,12,2023,266
5,4,12,2023,296
5,5,12,2023,246
5,6,12,2023,77
5,7,12,2023,104
5,1,12,2023,216
5,2,12,2023,246
5,3,12,2023,140
5,4,12,2023,260
5,5,12,2023,212
5,6,12,2023,175
5,7,12,2023,154
5,1,12,2023,156
5,2,12,2023,184
5,3,12,2023,154
5,4,12,2023,145
5,5,12,2023,116
5,6,12,2023,68
5,7,12,2023,197
5,1,12,2023,240
5,2,12,2023,120
5,3,12,2023,75
5,4,12,2023,252
5,5,12,2023,281
5,6,12,2023,87
5,7,12,2023,176
6,7,1,2023,72
6,1,1,2023,152
6,2,1,2023,273
6,3,1,2023,79
6,4,1,2023,151
6,5,1,2023,91
6,6,1,2023,230
6,7,1,2023,203
6,1,1,2023,135
6,2,1,2023,217
6,3,1,2023,103
6,4,1,2023,69
6,5,1,2023,89
6,6,1,2023,93
6,7,1,2023,112
6,1,1,2023,211
6,2,1,2023,52
6,3,1,2023,248
6,4,1,2023,267
6,5,1,2023,242
6,6,1,2023,211
6,7,1,2023,217
6,1,1,2023,207
6,2,1,2023,158
6,3,1,2023,50
6,4,1,2023,209
6,5,1,2023,269
6,6,1,2023,194
6,7,1,2023,172
6,1,1,2023,240
6,2,1,2023,100
6,3,2,2023,197
6,4,2,2023,141
6,5,2,2023,80
6,6,2,2023,293
6,7,2,2023,56
6,1,2,2023,99
6,2,2,2023,130
6,3,2,2023,199
6,4,2,2023,63
6,5,2,2023,62
6,6,2,2023,61
6,7,2,2023,168
6,1,2,2023,236
6,2,2,2023,171
6,3,2,2023,87
6,4,2,2023,121
6,5,2,2023,248
6,6,2,2023,95
6,7,2,2023,299
6,1,2,2023,84
6,2,2,2023,159
6,3,2,2023,85
6,4,2,2023,157
6,5,2,2023,88
6,6,2,2023,289
6,7,2,2023,85
6,1,2,2023,107
6,2,2,2023,213
6,3,3,2023,240
6,4,3,2023,89
6,5,3,2023,76
6,6,3,2023,91
6,7,3,2023,177
6,1,3,2023,257
6,2,3,2023,295
6,3,3,2023,134
6,4,3,2023,55
6,5,3,2023,197
6,6,3,2023,271
6,7,3,2023,271
6,1,3,2023,247
6,2,3,2023,201
6,3,3,2023,213
6,4,3,2023,71
6,5,3,2023,109
6,6,3,2023,138
6,7,3,2023,164
6,1,3,2023,57
6,2,3,2023,103
6,3,3,2023,277
6,4,3,2023,91
6,5,3,2023,93
6,6,3,2023,283
6,7,3,2023,104
6,1,3,2023,244
6,2,3,2023,205
6,3,3,2023,122
6,4,3,2023,136
6,5,3,2023,210
6,6,4,2023,89
6,7,4,2023,100
6,1,4,2023,170
6,2,4,2023,126
6,3,4,2023,251
6,4,4,2023,252
6,5,4,2023,254
6,6,4,2023,138
6,7,4,2023,247
6,1,4,2023,284
6,2,4,2023,254
6,3,4,2023,236
6,4,4,2023,204
6,5,4,2023,111
6,6,4,2023,77
6,7,4,2023,249
6,1,4,2023,161
6,2,4,2023,299
6,3,4,2023,126
6,4,4,2023,296
6,5,4,2023,180
6,6,4,2023,295
6,7,4,2023,75
6,1,4,2023,54
6,2,4,2023,109
6,3,4,2023,247
6,4,4,2023,267
6,5,4,2023,155
6,6,4,2023,140
6,7,4,2023,80
6,1,5,2023,114
6,2,5,2023,121
6,3,5,2023,189
6,4,5,2023,175
6,5,5,2023,116
6,6,5,2023,161
6,7,5,2023,81
6,1,5,2023,163
6,2,5,2023,244
6,3,5,2023,128
6,4,5,2023,111
6,5,5,2023,68
6,6,5,2023,135
6,7,5,2023,58
6,1,5,2023,131
6,2,5,2023,132
6,3,5,2023,227
6,4,5,2023,208
6,5,5,2023,67
6,6,5,2023,166
6,7,5,2023,100
6,1,5,2023,248
6,2,5,2023,79
6,3,5,2023,197
6,4,5,2023,252
6,5,5,2023,99
6,6,5,2023,79
6,7,5,2023,258
6,1,5,2023,60
6,2,5,2023,225
6,3,5,2023,187
6,4,6,2023,121
6,5,6,2023,58
6,6,6,2023,112
6,7,6,2023,171
6,1,6,2023,230
6,2,6,2023,158
6,3,6,2023,263
6,4,6,2023,156
6,5,6,2023,218
6,6,6,2023,122
6,7,6,2023,147
6,1,6,2023,229
6,2,6,2023,159
6,3,6,2023,169
6,4,6,2023,214
6,5,6,2023,106
6,6,6,2023,94
6,7,6,2023,223
6,1,6,2023,187
6,2,6,2023,205
6,3,6,2023,238
6,4,6,2023,160
6,5,6,2023,73
6,6,6,2023,248
6,7,6,2023,259
6,1,6,2023,233
6,2,6,2023,88
6,3,6,2023,165
6,4,6,2023,129
6,5,6,2023,236
6,6,7,2023,228
6,7,7,2023,68
6,1,7,2023,116
6,2,7,2023,64
6,3,7,2023,265
6,4,7,2023,291
6,5,7,2023,154
6,6,7,2023,264
6,7,7,2023,208
6,1,7,2023,104
6,2,7,2023,267
6,3,7,2023,89
6,4,7,2023,80
6,5,7,2023,284
6,6,7,2023,277
6,7,7,2023,129
6,1,7,2023,138
6,2,7,2023,299
6,3,7,2023,112
6,4,7,2023,58
6,5,7,2023,245
6,6,7,2023,236
6,7,7,2023,102
6,1,7,2023,251
6,2,7,2023,297
6,3,7,2023,242
6,4,7,2023,149
6,5,7,2023,257
6,6,7,2023,244
6,7,7,2023,220
6,1,7,2023,284
6,2,8,2023,98
6,3,8,2023,159
6,4,8,2023,106
6,5,8,2023,72
6,6,8,2023,144
6,7,8,2023,239
6,1,8,2023,269
6,2,8,2023,236
6,3,8,2023,128
6,4,8,2023,238
6,5,8,2023,107
6,6,8,2023,222
6,7,8,2023,244
6,1,8,2023,149
6,2,8,2023,186
6,3,8,2023,218
6,4,8,2023,203
6,5,8,2023,150
6,6,8,2023,146
6,7,8,2023,166
6,1,8,2023,183
6,2,8,2023,279
6,3,8,2023,96
6,4,8,2023,286
6,5,8,2023,269
6,6,8,2023,282
6,7,8,2023,251
6,1,8,2023,161
6,2,8,2023,192
6,3,8,2023,133
6,4,8,2023,105
6,5,9,2023,266
6,6,9,2023,154
6,7,9,2023,158
6,1,9,2023,127
6,2,9,2023,197
6,3,9,2023,92
6,4,9,2023,91
6,5,9,2023,194
6,6,9,2023,148
6,7,9,2023,297
6,1,9,2023,243
6,2,9,2023,292
6,3,9,2023,297
6,4,9,2023,244
6,5,9,2023,269
6,6,9,2023,140
6,7,9,2023,77
6,1,9,2023,66
6,2,9,2023,79
6,3,9,2023,95
6,4,9,2023,153
6,5,9,2023,59
6,6,9,2023,193
6,7,9,2023,179
6,1,9,2023,56
6,2,9,2023,108
6,3,9,2023,133
6,4,9,2023,248
6,5,9,2023,150
6,6,9,2023,138
6,7,10,2023,193
6,1,10,2023,113
6,2,10,2023,95
6,3,10,2023,113
6,4,10,2023,294
6,5,10,2023,257
6,6,10,2023,286
6,7,10,2023,74
6,1,10,2023,238
6,2,10,2023,220
6,3,10,2023,96
6,4,10,2023,92
6,5,10,2023,92
6,6,10,2023,58
6,7,10,2023,238
6,1,10,2023,219
6,2,10,2023,67
6,3,10,2023,245
6,4,10,2023,200
6,5,10,2023,145
6,6,10,2023,154
6,7,10,2023,109
6,1,10,2023,112
6,2,10,2023,227
6,3,10,2023,147
6,4,10,2023,285
6,5,10,2023,110
6,6,10,2023,288
6,7,10,2023,269
6,1,10,2023,224
6,2,10,2023,211
6,3,11,2023,237
6,4,11,2023,264
6,5,11,2023,250
6,6,11,2023,93
6,7,11,2023,282
6,1,11,2023,128
6,2,11,2023,221
6,3,11,2023,259
6,4,11,2023,232
6,5,11,2023,64
6,6,11,2023,70
6,7,11,2023,142
6,1,11,2023,198
6,2,11,2023,101
6,3,11,2023,56
6,4,11,2023,175
6,5,11,2023,99
6,6,11,2023,164
6,7,11,2023,80
6,1,11,2023,128
6,2,11,2023,84
6,3,11,2023,98
6,4,11,2023,121
6,5,11,2023,102
6,6,11,2023,260
6,7,11,2023,250
6,1,11,2023,268
6,2,11,2023,138
6,3,11,2023,60
6,4,11,2023,73
6,5,12,2023,229
6,6,12,2023,64
6,7,12,2023,161
6,1,12,2023,263
6,2,12,2023,212
6,3,12,2023,68
6,4,12,2023,238
6,5,12,2023,145
6,6,12,2023,267
6,7,12,2023,245
6,1,12,2023,237
6,2,12,2023,117
6,3,12,2023,109
6,4,12,2023,263
6,5,12,2023,286
6,6,12,2023,117
6,7,12,2023,172
6,1,12,2023,173
6,2,12,2023,247
6,3,12,2023,107
6,4,12,2023,166
6,5,12,2023,81
6,6,12,2023,107
6,7,12,2023,154
6,1,12,2023,276
6,2,12,2023,64
6,3,12,2023,168
6,4,12,2023,198
6,5,12,2023,101
6,6,12,2023,240
6,7,12,2023,284
7,7,1,2023,121
7,1,1,2023,178
7,2,1,2023,184
7,3,1,2023,71
7,4,1,2023,293
7,5,1,2023,117
7,6,1,2023,245
7,7,1,2023,72
7,1,1,2023,187
7,2,1,2023,101
7,3,1,2023,225
7,4,1,2023,199
7,5,1,2023,115
7,6,1,2023,110
7,7,1,2023,140
7,1,1,2023,84
7,2,1,2023,112
7,3,1,2023,65
7,4,1,2023,206
7,5,1,2023,219
7,6,1,2023,177
7,7,1,2023,162
7,1,1,2023,147
7,2,1,2023,97
7,3,1,2023,258
7,4,1,2023,80
7,5,1,2023,64
7,6,1,2023,202
7,7,1,2023,65
7,1,1,2023,102
7,2,1,2023,157
7,3,2,2023,245
7,4,2,2023,95
7,5,2,2023,91
7,6,2,2023,113
7,7,2,2023,299
7,1,2,2023,89
7,2,2,2023,158
7,3,2,2023,276
7,4,2,2023,56
7,5,2,2023,179
7,6,2,2023,233
7,7,2,2023,220
7,1,2,2023,217
7,2,2,2023,152
7,3,2,2023,75
7,4,2,2023,161
7,5,2,2023,167
7,6,2,2023,296
7,7,2,2023,277
7,1,2,2023,169
7,2,2,2023,55
7,3,2,2023,147
7,4,2,2023,215
7,5,2,2023,233
7,6,2,2023,54
7,7,2,2023,82
7,1,2,2023,61
7,2,2,2023,201
7,3,3,2023,85
7,4,3,2023,95
7,5,3,2023,208
7,6,3,2023,292
7,7,3,2023,138
7,1,3,2023,114
7,2,3,2023,227
7,3,3,2023,257
7,4,3,2023,52
7,5,3,2023,111
7,6,3,2023,173
7,7,3,2023,54
7,1,3,2023,169
7,2,3,2023,113
7,3,3,2023,192
7,4,3,2023,284
7,5,3,2023,295
7,6,3,2023,134
7,7,3,2023,98
7,1,3,2023,283
7,2,3,2023,57
7,3,3,2023,257
7,4,3,2023,149
7,5,3,2023,188
7,6,3,2023,223
7,7,3,2023,111
7,1,3,2023,221
7,2,3,2023,298
7,3,3,2023,150
7,4,3,2023,243
7,5,3,2023,54
7,6,4,2023,103
7,7,4,2023,198
7,1,4,2023,157
7,2,4,2023,239
7,3,4,2023,276
7,4,4,2023,253
7,5,4,2023,289
7,6,4,2023,125
7,7,4,2023,243
7,1,4,2023,130
7,2,4,2023,296
7,3,4,2023,123
7,4,4,2023,287
7,5,4,2023,268
7,6,4,2023,192
7,7,4,2023,197
7,1,4,2023,97
7,2,4,2023,131
7,3,4,2023,235
7,4,4,2023,174
7,5,4,2023,88
7,6,4,2023,231
7,7,4,2023,142
7,1,4,2023,252
7,2,4,2023,274
7,3,4,2023,294
7,4,4,2023,67
7,5,4,2023,244
7,6,4,2023,152
7,7,4,2023,149
7,1,5,2023,176
7,2,5,2023,142
7,3,5,2023,276
7,4,5,2023,250
7,5,5,2023,206
7,6,5,2023,148
7,7,5,2023,209
7,1,5,2023,112
7,2,5,2023,268
7,3,5,2023,250
7,4,5,2023,237
7,5,5,2023,78
7,6,5,2023,249
7,7,5,2023,286
7,1,5,2023,243
7,2,5,2023,111
7,3,5,2023,108
7,4,5,2023,241
7,5,5,2023,150
7,6,5,2023,233
7,7,5,2023,151
7,1,5,2023,113
7,2,5,2023,289
7,3,5,2023,227
7,4,5,2023,95
7,5,5,2023,67
7,6,5,2023,259
7,7,5,2023,202
7,1,5,2023,59
7,2,5,2023,197
7,3,5,2023,191
7,4,6,2023,272
7,5,6,2023,62
7,6,6,2023,60
7,7,6,2023,266
7,1,6,2023,122
7,2,6,2023,92
7,3,6,2023,137
7,4,6,2023,185
7,5,6,2023,107
7,6,6,2023,133
7,7,6,2023,166
7,1,6,2023,273
7,2,6,2023,284
7,3,6,2023,280
7,4,6,2023,206
7,5,6,2023,236
7,6,6,2023,111
7,7,6,2023,55
7,1,6,2023,168
7,2,6,2023,132
7,3,6,2023,214
7,4,6,2023,67
7,5,6,2023,218
7,6,6,2023,264
7,7,6,2023,212
7,1,6,2023,178
7,2,6,2023,264
7,3,6,2023,184
7,4,6,2023,184
7,5,6,2023,173
7,6,7,2023,166
7,7,7,2023,276
7,1,7,2023,231
7,2,7,2023,233
7,3,7,2023,75
7,4,7,2023,174
7,5,7,2023,185
7,6,7,2023,115
7,7,7,2023,129
7,1,7,2023,274
7,2,7,2023,195
7,3,7,2023,118
7,4,7,2023,157
7,5,7,2023,149
7,6,7,2023,134
7,7,7,2023,135
7,1,7,2023,282
7,2,7,2023,163
7,3,7,2023,65
7,4,7,2023,189
7,5,7,2023,73
7,6,7,2023,187
7,7,7,2023,171
7,1,7,2023,160
7,2,7,2023,217
7,3,7,2023,100
7,4,7,2023,283
7,5,7,2023,199
7,6,7,2023,81
7,7,7,2023,171
7,1,7,2023,244
7,2,8,2023,208
7,3,8,2023,189
7,4,8,2023,161
7,5,8,2023,270
7,6,8,2023,85
7,7,8,2023,140
7,1,8,2023,65
7,2,8,2023,174
7,3,8,2023,278
7,4,8,2023,73
7,5,8,2023,259
7,6,8,2023,251
7,7,8,2023,287
7,1,8,2023,137
7,2,8,2023,254
7,3,8,2023,146
7,4,8,2023,131
7,5,8,2023,173
7,6,8,2023,234
7,7,8,2023,110
7,1,8,2023,70
7,2,8,2023,299
7,3,8,2023,179
7,4,8,2023,69
7,5,8,2023,122
7,6,8,2023,200
7,7,8,2023,59
7,1,8,2023,113
7,2,8,2023,239
7,3,8,2023,60
7,4,8,2023,186
7,5,9,2023,185
7,6,9,2023,283
7,7,9,2023,295
7,1,9,2023,264
7,2,9,2023,64
7,3,9,2023,256
7,4,9,2023,206
7,5,9,2023,61
7,6,9,2023,95
7,7,9,2023,174
7,1,9,2023,66
7,2,9,2023,176
7,3,9,2023,81
7,4,9,2023,124
7,5,9,2023,81
7,6,9,2023,255
7,7,9,2023,186
7,1,9,2023,60
7,2,9,2023,142
7,3,9,2023,141
7,4,9,2023,72
7,5,9,2023,270
7,6,9,2023,250
7,7,9,2023,50
7,1,9,2023,243
7,2,9,2023,89
7,3,9,2023,74
7,4,9,2023,168
7,5,9,2023,266
7,6,9,2023,156
7,7,10,2023,229
7,1,10,2023,293
7,2,10,2023,186
7,3,10,2023,215
7,4,10,2023,188
7,5,10,2023,216
7,6,10,2023,235
7,7,10,2023,210
7,1,10,2023,135
7,2,10,2023,82
7,3,10,2023,145
7,4,10,2023,76
7,5,10,2023,187
7,6,10,2023,236
7,7,10,2023,271
7,1,10,2023,287
7,2,10,2023,78
7,3,10,2023,274
7,4,10,2023,205
7,5,10,2023,282
7,6,10,2023,161
7,7,10,2023,197
7,1,10,2023,226
7,2,10,2023,297
7,3,10,2023,271
7,4,10,2023,129
7,5,10,2023,265
7,6,10,2023,254
7,7,10,2023,113
7,1,10,2023,171
7,2,10,2023,184
7,3,11,2023,236
7,4,11,2023,62
7,5,11,2023,287
7,6,11,2023,259
7,7,11,2023,108
7,1,11,2023,234
7,2,11,2023,252
7,3,11,2023,259
7,4,11,2023,80
7,5,11,2023,271
7,6,11,2023,201
7,7,11,2023,276
7,1,11,2023,118
7,2,11,2023,75
7,3,11,2023,112
7,4,11,2023,121
7,5,11,2023,70
7,6,11,2023,230
7,7,11,2023,51
7,1,11,2023,86
7,2,11,2023,162
7,3,11,2023,112
7,4,11,2023,165
7,5,11,2023,110
7,6,11,2023,158
7,7,11,2023,117
7,1,11,2023,106
7,2,11,2023,166
7,3,11,2023,195
7,4,11,2023,65
7,5,12,2023,151
7,6,12,2023,80
7,7,12,2023,119
7,1,12,2023,217
7,2,12,2023,130
7,3,12,2023,60
7,4,12,2023,54
7,5,12,2023,66
7,6,12,2023,97
7,7,12,2023,190
7,1,12,2023,249
7,2,12,2023,211
7,3,12,2023,188
7,4,12,2023,228
7,5,12,2023,279
7,6,12,2023,96
7,7,12,2023,154
7,1,12,2023,176
7,2,12,2023,133
7,3,12,2023,266
7,4,12,2023,264
7,5,12,2023,237
7,6,12,2023,61
7,7,12,2023,172
7,1,12,2023,128
7,2,12,2023,191
7,3,12,2023,229
7,4,12,2023,79
7,5,12,2023,215
7,6,12,2023,107
7,7,12,2023,104
8,7,1,2023,91
8,1,1,2023,217
8,2,1,2023,196
8,3,1,2023,173
8,4,1,2023,261
8,5,1,2023,294
8,6,1,2023,65
8,7,1,2023,172
8,1,1,2023,289
8,2,1,2023,59
8,3,1,2023,275
8,4,1,2023,131
8,5,1,2023,154
8,6,1,2023,201
8,7,1,2023,212
8,1,1,2023,157
8,2,1,2023,162
8,3,1,2023,152
8,4,1,2023,179
8,5,1,2023,243
8,6,1,2023,102
8,7,1,2023,157
8,1,1,2023,241
8,2,1,2023,67
8,3,1,2023,220
8,4,1,2023,123
8,5,1,2023,123
8,6,1,2023,157
8,7,1,2023,104
8,1,1,2023,260
8,2,1,2023,88
8,3,2,2023,297
8,4,2,2023,266
8,5,2,2023,130
8,6,2,2023,182
8,7,2,2023,56
8,1,2,2023,213
8,2,2,2023,136
8,3,2,2023,114
8,4,2,2023,82
8,5,2,2023,136
8,6,2,2023,206
8,7,2,2023,52
8,1,2,2023,282
8,2,2,2023,168
8,3,2,2023,197
8,4,2,2023,244
8,5,2,2023,131
8,6,2,2023,207
8,7,2,2023,172
8,1,2,2023,51
8,2,2,2023,108
8,3,2,2023,85
8,4,2,2023,141
8,5,2,2023,176
8,6,2,2023,95
8,7,2,2023,262
8,1,2,2023,143
8,2,2,2023,100
8,3,3,2023,135
8,4,3,2023,164
8,5,3,2023,109
8,6,3,2023,211
8,7,3,2023,62
8,1,3,2023,197
8,2,3,2023,83
8,3,3,2023,299
8,4,3,2023,68
8,5,3,2023,271
8,6,3,2023,141
8,7,3,2023,56
8,1,3,2023,162
8,2,3,2023,92
8,3,3,2023,285
8,4,3,2023,213
8,5,3,2023,281
8,6,3,2023,66
8,7,3,2023,252
8,1,3,2023,129
8,2,3,2023,299
8,3,3,2023,51
8,4,3,2023,204
8,5,3,2023,65
8,6,3,2023,219
8,7,3,2023,151
8,1,3,2023,119
8,2,3,2023,106
8,3,3,2023,150
8,4,3,2023,50
8,5,3,2023,140
8,6,4,2023,106
8,7,4,2023,151
8,1,4,2023,93
8,2,4,2023,196
8,3,4,2023,58
8,4,4,2023,55
8,5,4,2023,198
8,6,4,2023,256
8,7,4,2023,88
8,1,4,2023,294
8,2,4,2023,168
8,3,4,2023,291
8,4,4,2023,90
8,5,4,2023,144
8,6,4,2023,101
8,7,4,2023,265
8,1,4,2023,239
8,2,4,2023,84
8,3,4,2023,143
8,4,4,2023,75
8,5,4,2023,271
8,6,4,2023,196
8,7,4,2023,81
8,1,4,2023,164
8,2,4,2023,235
8,3,4,2023,128
8,4,4,2023,189
8,5,4,2023,218
8,6,4,2023,229
8,7,4,2023,60
8,1,5,2023,218
8,2,5,2023,119
8,3,5,2023,142
8,4,5,2023,252
8,5,5,2023,122
8,6,5,2023,193
8,7,5,2023,148
8,1,5,2023,247
8,2,5,2023,151
8,3,5,2023,198
8,4,5,2023,257
8,5,5,2023,266
8,6,5,2023,155
8,7,5,2023,298
8,1,5,2023,291
8,2,5,2023,142
8,3,5,2023,252
8,4,5,2023,224
8,5,5,2023,292
8,6,5,2023,92
8,7,5,2023,294
8,1,5,2023,74
8,2,5,2023,265
8,3,5,2023,284
8,4,5,2023,162
8,5,5,2023,113
8,6,5,2023,270
8,7,5,2023,61
8,1,5,2023,293
8,2,5,2023,51
8,3,5,2023,124
8,4,6,2023,294
8,5,6,2023,179
8,6,6,2023,292
8,7,6,2023,284
8,1,6,2023,260
8,2,6,2023,171
8,3,6,2023,212
8,4,6,2023,281
8,5,6,2023,135
8,6,6,2023,64
8,7,6,2023,134
8,1,6,2023,227
8,2,6,2023,285
8,3,6,2023,131
8,4,6,2023,265
8,5,6,2023,158
8,6,6,2023,294
8,7,6,2023,283
8,1,6,2023,152
8,2,6,2023,77
8,3,6,2023,198
8,4,6,2023,51
8,5,6,2023,128
8,6,6,2023,207
8,7,6,2023,194
8,1,6,2023,290
8,2,6,2023,250
8,3,6,2023,57
8,4,6,2023,288
8,5,6,2023,140
8,6,7,2023,228
8,7,7,2023,289
8,1,7,2023,121
8,2,7,2023,127
8,3,7,2023,208
8,4,7,2023,253
8,5,7,2023,103
8,6,7,2023,240
8,7,7,2023,213
8,1,7,2023,143
8,2,7,2023,123
8,3,7,2023,79
8,4,7,2023,231
8,5,7,2023,112
8,6,7,2023,81
8,7,7,2023,151
8,1,7,2023,170
8,2,7,2023,54
8,3,7,2023,118
8,4,7,2023,127
8,5,7,2023,88
8,6,7,2023,192
8,7,7,2023,285
8,1,7,2023,162
8,2,7,2023,215
8,3,7,2023,64
8,4,7,2023,201
8,5,7,2023,240
8,6,7,2023,138
8,7,7,2023,246
8,1,7,2023,138
8,2,8,2023,266
8,3,8,2023,187
8,4,8,2023,297
8,5,8,2023,174
8,6,8,2023,91
8,7,8,2023,110
8,1,8,2023,107
8,2,8,2023,223
8,3,8,2023,168
8,4,8,2023,78
8,5,8,2023,103
8,6,8,2023,260
8,7,8,2023,157
8,1,8,2023,120
8,2,8,2023,77
8,3,8,2023,142
8,4,8,2023,244
8,5,8,2023,104
8,6,8,2023,152
8,7,8,2023,200
8,1,8,2023,65
8,2,8,2023,214
8,3,8,2023,108
8,4,8,2023,61
8,5,8,2023,92
8,6,8,2023,243
8,7,8,2023,124
8,1,8,2023,114
8,2,8,2023,82
8,3,8,2023,218
8,4,8,2023,137
8,5,9,2023,98
8,6,9,2023,143
8,7,9,2023,296
8,1,9,2023,77
8,2,9,2023,56
8,3,9,2023,128
8,4,9,2023,72
8,5,9,2023,218
8,6,9,2023,165
8,7,9,2023,187
8,1,9,2023,70
8,2,9,2023,224
8,3,9,2023,219
8,4,9,2023,78
8,5,9,2023,273
8,6,9,2023,172
8,7,9,2023,119
8,1,9,2023,256
8,2,9,2023,149
8,3,9,2023,99
8,4,9,2023,296
8,5,9,2023,246
8,6,9,2023,211
8,7,9,2023,110
8,1,9,2023,169
8,2,9,2023,142
8,3,9,2023,169
8,4,9,2023,182
8,5,9,2023,202
8,6,9,2023,150
8,7,10,2023,187
8,1,10,2023,241
8,2,10,2023,64
8,3,10,2023,239
8,4,10,2023,263
8,5,10,2023,299
8,6,10,2023,264
8,7,10,2023,206
8,1,10,2023,221
8,2,10,2023,112
8,3,10,2023,222
8,4,10,2023,65
8,5,10,2023,266
8,6,10,2023,220
8,7,10,2023,153
8,1,10,2023,149
8,2,10,2023,165
8,3,10,2023,259
8,4,10,2023,200
8,5,10,2023,69
8,6,10,2023,81
8,7,10,2023,275
8,1,10,2023,283
8,2,10,2023,182
8,3,10,2023,282
8,4,10,2023,178
8,5,10,2023,204
8,6,10,2023,297
8,7,10,2023,89
8,1,10,2023,277
8,2,10,2023,235
8,3,11,2023,148
8,4,11,2023,257
8,5,11,2023,260
8,6,11,2023,60
8,7,11,2023,153
8,1,11,2023,68
8,2,11,2023,281
8,3,11,2023,288
8,4,11,2023,244
8,5,11,2023,194
8,6,11,2023,166
8,7,11,2023,71
8,1,11,2023,144
8,2,11,2023,269
8,3,11,2023,198
8,4,11,2023,196
8,5,11,2023,273
8,6,11,2023,212
8,7,11,2023,62
8,1,11,2023,55
8,2,11,2023,293
8,3,11,2023,83
8,4,11,2023,283
8,5,11,2023,245
8,6,11,2023,136
8,7,11,2023,60
8,1,11,2023,233
8,2,11,2023,181
8,3,11,2023,136
8,4,11,2023,133
8,5,12,2023,256
8,6,12,2023,90
8,7,12,2023,144
8,1,12,2023,139
8,2,12,2023,261
8,3,12,2023,93
8,4,12,2023,232
8,5,12,2023,278
8,6,12,2023,148
8,7,12,2023,256
8,1,12,2023,190
8,2,12,2023,288
8,3,12,2023,141
8,4,12,2023,149
8,5,12,2023,68
8,6,12,2023,96
8,7,12,2023,64
8,1,12,2023,211
8,2,12,2023,148
8,3,12,2023,234
8,4,12,2023,73
8,5,12,2023,185
8,6,12,2023,105
8,7,12,2023,209
8,1,12,2023,95
8,2,12,2023,207
8,3,12,2023,259
8,4,12,2023,237
8,5,12,2023,183
8,6,12,2023,129
8,7,12,2023,66
9,7,1,2023,207
9,1,1,2023,287
9,2,1,2023,59
9,3,1,2023,95
9,4,1,2023,51
9,5,1,2023,113
9,6,1,2023,272
9,7,1,2023,254
9,1,1,2023,252
9,2,1,2023,166
9,3,1,2023,74
9,4,1,2023,243
9,5,1,2023,254
9,6,1,2023,193
9,7,1,2023,140
9,1,1,2023,86
9,2,1,2023,63
9,3,1,2023,127
9,4,1,2023,52
9,5,1,2023,252
9,6,1,2023,239
9,7,1,2023,205
9,1,1,2023,52
9,2,1,2023,115
9,3,1,2023,114
9,4,1,2023,193
9,5,1,2023,295
9,6,1,2023,201
9,7,1,2023,159
9,1,1,2023,241
9,2,1,2023,71
9,3,2,2023,222
9,4,2,2023,250
9,5,2,2023,201
9,6,2,2023,259
9,7,2,2023,127
9,1,2,2023,129
9,2,2,2023,83
9,3,2,2023,160
9,4,2,2023,172
9,5,2,2023,296
9,6,2,2023,265
9,7,2,2023,241
9,1,2,2023,114
9,2,2,2023,82
9,3,2,2023,225
9,4,2,2023,188
9,5,2,2023,253
9,6,2,2023,164
9,7,2,2023,188
9,1,2,2023,284
9,2,2,2023,202
9,3,2,2023,144
9,4,2,2023,161
9,5,2,2023,96
9,6,2,2023,162
9,7,2,2023,158
9,1,2,2023,72
9,2,2,2023,131
9,3,3,2023,253
9,4,3,2023,133
9,5,3,2023,96
9,6,3,2023,181
9,7,3,2023,168
9,1,3,2023,71
9,2,3,2023,268
9,3,3,2023,205
9,4,3,2023,278
9,5,3,2023,299
9,6,3,2023,228
9,7,3,2023,206
9,1,3,2023,131
9,2,3,2023,105
9,3,3,2023,67
9,4,3,2023,144
9,5,3,2023,287
9,6,3,2023,290
9,7,3,2023,59
9,1,3,2023,219
9,2,3,2023,195
9,3,3,2023,154
9,4,3,2023,289
9,5,3,2023,195
9,6,3,2023,296
9,7,3,2023,252
9,1,3,2023,77
9,2,3,2023,105
9,3,3,2023,129
9,4,3,2023,226
9,5,3,2023,169
9,6,4,2023,69
9,7,4,2023,64
9,1,4,2023,250
9,2,4,2023,82
9,3,4,2023,175
9,4,4,2023,231
9,5,4,2023,188
9,6,4,2023,86
9,7,4,2023,163
9,1,4,2023,166
9,2,4,2023,293
9,3,4,2023,187
9,4,4,2023,243
9,5,4,2023,246
9,6,4,2023,178
9,7,4,2023,255
9,1,4,2023,268
9,2,4,2023,161
9,3,4,2023,174
9,4,4,2023,121
9,5,4,2023,123
9,6,4,2023,125
9,7,4,2023,181
9,1,4,2023,126
9,2,4,2023,149
9,3,4,2023,70
9,4,4,2023,164
9,5,4,2023,67
9,6,4,2023,85
9,7,4,2023,81
9,1,5,2023,260
9,2,5,2023,180
9,3,5,2023,294
9,4,5,2023,61
9,5,5,2023,269
9,6,5,2023,178
9,7,5,2023,104
9,1,5,2023,56
9,2,5,2023,155
9,3,5,2023,127
9,4,5,2023,271
9,5,5,2023,287
9,6,5,2023,56
9,7,5,2023,148
9,1,5,2023,161
9,2,5,2023,271
9,3,5,2023,136
9,4,5,2023,262
9,5,5,2023,144
9,6,5,2023,276
9,7,5,2023,270
9,1,5,2023,255
9,2,5,2023,204
9,3,5,2023,183
9,4,5,2023,230
9,5,5,2023,68
9,6,5,2023,152
9,7,5,2023,242
9,1,5,2023,109
9,2,5,2023,267
9,3,5,2023,55
9,4,6,2023,189
9,5,6,2023,97
9,6,6,2023,141
9,7,6,2023,79
9,1,6,2023,255
9,2,6,2023,198
9,3,6,2023,100
9,4,6,2023,202
9,5,6,2023,130
9,6,6,2023,67
9,7,6,2023,233
9,1,6,2023,142
9,2,6,2023,110
9,3,6,2023,213
9,4,6,2023,236
9,5,6,2023,179
9,6,6,2023,84
9,7,6,2023,279
9,1,6,2023,71
9,2,6,2023,71
9,3,6,2023,167
9,4,6,2023,223
9,5,6,2023,79
9,6,6,2023,103
9,7,6,2023,175
9,1,6,2023,61
9,2,6,2023,96
9,3,6,2023,127
9,4,6,2023,256
9,5,6,2023,195
9,6,7,2023,277
9,7,7,2023,136
9,1,7,2023,159
9,2,7,2023,234
9,3,7,2023,119
9,4,7,2023,248
9,5,7,2023,232
9,6,7,2023,169
9,7,7,2023,62
9,1,7,2023,203
9,2,7,2023,292
9,3,7,2023,148
9,4,7,2023,298
9,5,7,2023,246
9,6,7,2023,144
9,7,7,2023,123
9,1,7,2023,53
9,2,7,2023,75
9,3,7,2023,177
9,4,7,2023,143
9,5,7,2023,139
9,6,7,2023,88
9,7,7,2023,180
9,1,7,2023,246
9,2,7,2023,136
9,3,7,2023,59
9,4,7,2023,201
9,5,7,2023,110
9,6,7,2023,243
9,7,7,2023,244
9,1,7,2023,193
9,2,8,2023,115
9,3,8,2023,249
9,4,8,2023,196
9,5,8,2023,281
9,6,8,2023,133
9,7,8,2023,231
9,1,8,2023,158
9,2,8,2023,136
9,3,8,2023,92
9,4,8,2023,140
9,5,8,2023,298
9,6,8,2023,284
9,7,8,2023,130
9,1,8,2023,230
9,2,8,2023,244
9,3,8,2023,264
9,4,8,2023,185
9,5,8,2023,295
9,6,8,2023,93
9,7,8,2023,174
9,1,8,2023,128
9,2,8,2023,83
9,3,8,2023,60
9,4,8,2023,167
9,5,8,2023,203
9,6,8,2023,283
9,7,8,2023,180
9,1,8,2023,56
9,2,8,2023,182
9,3,8,2023,288
9,4,8,2023,114
9,5,9,2023,55
9,6,9,2023,288
9,7,9,2023,82
9,1,9,2023,158
9,2,9,2023,98
9,3,9,2023,101
9,4,9,2023,99
9,5,9,2023,134
9,6,9,2023,66
9,7,9,2023,205
9,1,9,2023,116
9,2,9,2023,112
9,3,9,2023,140
9,4,9,2023,127
9,5,9,2023,103
9,6,9,2023,67
9,7,9,2023,230
9,1,9,2023,265
9,2,9,2023,211
9,3,9,2023,172
9,4,9,2023,219
9,5,9,2023,75
9,6,9,2023,170
9,7,9,2023,52
9,1,9,2023,86
9,2,9,2023,177
9,3,9,2023,209
9,4,9,2023,69
9,5,9,2023,109
9,6,9,2023,119
9,7,10,2023,74
9,1,10,2023,110
9,2,10,2023,66
9,3,10,2023,71
9,4,10,2023,95
9,5,10,2023,264
9,6,10,2023,88
9,7,10,2023,128
9,1,10,2023,126
9,2,10,2023,146
9,3,10,2023,179
9,4,10,2023,286
9,5,10,2023,115
9,6,10,2023,260
9,7,10,2023,179
9,1,10,2023,279
9,2,10,2023,103
9,3,10,2023,299
9,4,10,2023,132
9,5,10,2023,114
9,6,10,2023,270
9,7,10,2023,239
9,1,10,2023,287
9,2,10,2023,225
9,3,10,2023,78
9,4,10,2023,190
9,5,10,2023,221
9,6,10,2023,256
9,7,10,2023,148
9,1,10,2023,206
9,2,10,2023,268
9,3,11,2023,290
9,4,11,2023,245
9,5,11,2023,51
9,6,11,2023,197
9,7,11,2023,117
9,1,11,2023,121
9,2,11,2023,84
9,3,11,2023,154
9,4,11,2023,105
9,5,11,2023,265
9,6,11,2023,250
9,7,11,2023,207
9,1,11,2023,146
9,2,11,2023,127
9,3,11,2023,165
9,4,11,2023,78
9,5,11,2023,209
9,6,11,2023,142
9,7,11,2023,150
9,1,11,2023,86
9,2,11,2023,259
9,3,11,2023,72
9,4,11,2023,174
9,5,11,2023,270
9,6,11,2023,247
9,7,11,2023,206
9,1,11,2023,276
9,2,11,2023,112
9,3,11,2023,296
9,4,11,2023,105
9,5,12,2023,246
9,6,12,2023,139
9,7,12,2023,132
9,1,12,2023,209
9,2,12,2023,98
9,3,12,2023,80
9,4,12,2023,142
9,5,12,2023,106
9,6,12,2023,246
9,7,12,2023,107
9,1,12,2023,78
9,2,12,2023,233
9,3,12,2023,69
9,4,12,2023,277
9,5,12,2023,82
9,6,12,2023,267
9,7,12,2023,93
9,1,12,2023,177
9,2,12,2023,299
9,3,12,2023,202
9,4,12,2023,235
9,5,12,2023,261
9,6,12,2023,158
9,7,12,2023,294
9,1,12,2023,296
9,2,12,2023,95
9,3,12,2023,108
9,4,12,2023,252
9,5,12,2023,248
9,6,12,2023,85
9,7,12,2023,179
10,7,1,2023,227
10,1,1,2023,281
10,2,1,2023,134
10,3,1,2023,116
10,4,1,2023,115
10,5,1,2023,144
10,6,1,2023,197
10,7,1,2023,129
10,1,1,2023,254
10,2,1,2023,131
10,3,1,2023,262
10,4,1,2023,101
10,5,1,2023,192
10,6,1,2023,152
10,7,1,2023,191
10,1,1,2023,94
10,2,1,2023,161
10,3,1,2023,267
10,4,1,2023,161
10,5,1,2023,85
10,6,1,2023,129
10,7,1,2023,101
10,1,1,2023,70
10,2,1,2023,232
10,3,1,2023,279
10,4,1,2023,95
10,5,1,2023,157
10,6,1,2023,120
10,7,1,2023,264
10,1,1,2023,239
10,2,1,2023,107
10,3,2,2023,93
10,4,2,2023,262
10,5,2,2023,259
10,6,2,2023,128
10,7,2,2023,191
10,1,2,2023,150
10,2,2,2023,188
10,3,2,2023,165
10,4,2,2023,138
10,5,2,2023,164
10,6,2,2023,213
10,7,2,2023,222
10,1,2,2023,234
10,2,2,2023,168
10,3,2,2023,209
10,4,2,2023,84
10,5,2,2023,139
10,6,2,2023,293
10,7,2,2023,271
10,1,2,2023,64
10,2,2,2023,117
10,3,2,2023,64
10,4,2,2023,284
10,5,2,2023,228
10,6,2,2023,273
10,7,2,2023,183
10,1,2,2023,54
10,2,2,2023,52
10,3,3,2023,198
10,4,3,2023,174
10,5,3,2023,76
10,6,3,2023,117
10,7,3,2023,109
10,1,3,2023,299
10,2,3,2023,292
10,3,3,2023,124
10,4,3,2023,221
10,5,3,2023,225
10,6,3,2023,293
10,7,3,2023,223
10,1,3,2023,210
10,2,3,2023,68
10,3,3,2023,99
10,4,3,2023,168
10,5,3,2023,121
10,6,3,2023,134
10,7,3,2023,200
10,1,3,2023,277
10,2,3,2023,297
10,3,3,2023,123
10,4,3,2023,88
10,5,3,2023,85
10,6,3,2023,151
10,7,3,2023,86
10,1,3,2023,167
10,2,3,2023,235
10,3,3,2023,162
10,4,3,2023,74
10,5,3,2023,254
10,6,4,2023,199
10,7,4,2023,105
10,1,4,2023,240
10,2,4,2023,277
10,3,4,2023,242
10,4,4,2023,81
10,5,4,2023,123
10,6,4,2023,122
10,7,4,2023,169
10,1,4,2023,115
10,2,4,2023,55
10,3,4,2023,200
10,4,4,2023,266
10,5,4,2023,73
10,6,4,2023,199
10,7,4,2023,149
10,1,4,2023,187
10,2,4,2023,86
10,3,4,2023,75
10,4,4,2023,181
10,5,4,2023,266
10,6,4,2023,118
10,7,4,2023,262
10,1,4,2023,250
10,2,4,2023,116
10,3,4,2023,284
10,4,4,2023,266
10,5,4,2023,173
10,6,4,2023,192
10,7,4,2023,171
10,1,5,2023,109
10,2,5,2023,232
10,3,5,2023,241
10,4,5,2023,67
10,5,5,2023,62
10,6,5,2023,90
10,7,5,2023,261
10,1,5,2023,232
10,2,5,2023,166
10,3,5,2023,287
10,4,5,2023,182
10,5,5,2023,84
10,6,5,2023,171
10,7,5,2023,69
10,1,5,2023,140
10,2,5,2023,295
10,3,5,2023,215
10,4,5,2023,205
10,5,5,2023,230
10,6,5,2023,271
10,7,5,2023,249
10,1,5,2023,71
10,2,5,2023,93
10,3,5,2023,51
10,4,5,2023,228
10,5,5,2023,149
10,6,5,2023,101
10,7,5,2023,196
10,1,5,2023,243
10,2,5,2023,241
10,3,5,2023,65
10,4,6,2023,142
10,5,6,2023,256
10,6,6,2023,93
10,7,6,2023,130
10,1,6,2023,272
10,2,6,2023,93
10,3,6,2023,95
10,4,6,2023,204
10,5,6,2023,256
10,6,6,2023,191
10,7,6,2023,286
10,1,6,2023,51
10,2,6,2023,119
10,3,6,2023,79
10,4,6,2023,186
10,5,6,2023,235
10,6,6,2023,201
10,7,6,2023,237
10,1,6,2023,103
10,2,6,2023,157
10,3,6,2023,231
10,4,6,2023,168
10,5,6,2023,156
10,6,6,2023,145
10,7,6,2023,108
10,1,6,2023,133
10,2,6,2023,98
10,3,6,2023,244
10,4,6,2023,50
10,5,6,2023,147
10,6,7,2023,136
10,7,7,2023,269
10,1,7,2023,172
10,2,7,2023,210
10,3,7,2023,242
10,4,7,2023,64
10,5,7,2023,260
10,6,7,2023,118
10,7,7,2023,261
10,1,7,2023,256
10,2,7,2023,196
10,3,7,2023,224
10,4,7,2023,50
10,5,7,2023,68
10,6,7,2023,129
10,7,7,2023,83
10,1,7,2023,204
10,2,7,2023,196
10,3,7,2023,198
10,4,7,2023,74
10,5,7,2023,221
10,6,7,2023,230
10,7,7,2023,266
10,1,7,2023,55
10,2,7,2023,206
10,3,7,2023,98
10,4,7,2023,175
10,5,7,2023,240
10,6,7,2023,83
10,7,7,2023,167
10,1,7,2023,159
10,2,8,2023,290
10,3,8,2023,244
10,4,8,2023,204
10,5,8,2023,103
10,6,8,2023,80
10,7,8,2023,129
10,1,8,2023,283
10,2,8,2023,166
10,3,8,2023,212
10,4,8,2023,261
10,5,8,2023,168
10,6,8,2023,160
10,7,8,2023,229
10,1,8,2023,240
10,2,8,2023,65
10,3,8,2023,216
10,4,8,2023,61
10,5,8,2023,206
10,6,8,2023,264
10,7,8,2023,274
10,1,8,2023,63
10,2,8,2023,127
10,3,8,2023,100
10,4,8,2023,236
10,5,8,2023,226
10,6,8,2023,118
10,7,8,2023,254
10,1,8,2023,97
10,2,8,2023,135
10,3,8,2023,117
10,4,8,2023,211
10,5,9,2023,175
10,6,9,2023,208
10,7,9,2023,208
10,1,9,2023,85
10,2,9,2023,74
10,3,9,2023,167
10,4,9,2023,215
10,5,9,2023,192
10,6,9,2023,266
10,7,9,2023,173
10,1,9,2023,298
10,2,9,2023,246
10,3,9,2023,179
10,4,9,2023,279
10,5,9,2023,291
10,6,9,2023,227
10,7,9,2023,296
10,1,9,2023,53
10,2,9,2023,226
10,3,9,2023,110
10,4,9,2023,138
10,5,9,2023,277
10,6,9,2023,277
10,7,9,2023,286
10,1,9,2023,62
10,2,9,2023,58
10,3,9,2023,181
10,4,9,2023,275
10,5,9,2023,190
10,6,9,2023,130
10,7,10,2023,277
10,1,10,2023,50
10,2,10,2023,179
10,3,10,2023,218
10,4,10,2023,297
10,5,10,2023,200
10,6,10,2023,168
10,7,10,2023,131
10,1,10,2023,268
10,2,10,2023,219
10,3,10,2023,178
10,4,10,2023,151
10,5,10,2023,268
10,6,10,2023,178
10,7,10,2023,52
10,1,10,2023,274
10,2,10,2023,116
10,3,10,2023,197
10,4,10,2023,205
10,5,10,2023,228
10,6,10,2023,293
10,7,10,2023,103
10,1,10,2023,211
10,2,10,2023,145
10,3,10,2023,264
10,4,10,2023,124
10,5,10,2023,223
10,6,10,2023,192
10,7,10,2023,56
10,1,10,2023,156
10,2,10,2023,76
10,3,11,2023,290
10,4,11,2023,251
10,5,11,2023,85
10,6,11,2023,63
10,7,11,2023,168
10,1,11,2023,178
10,2,11,2023,189
10,3,11,2023,156
10,4,11,2023,146
10,5,11,2023,163
10,6,11,2023,113
10,7,11,2023,69
10,1,11,2023,249
10,2,11,2023,155
10,3,11,2023,267
10,4,11,2023,77
10,5,11,2023,225
10,6,11,2023,266
10,7,11,2023,137
10,1,11,2023,120
10,2,11,2023,121
10,3,11,2023,119
10,4,11,2023,264
10,5,11,2023,120
10,6,11,2023,246
10,7,11,2023,274
10,1,11,2023,111
10,2,11,2023,118
10,3,11,2023,121
10,4,11,2023,190
10,5,12,2023,105
10,6,12,2023,225
10,7,12,2023,287
10,1,12,2023,110
10,2,12,2023,146
10,3,12,2023,221
10,4,12,2023,216
10,5,12,2023,246
10,6,12,2023,221
10,7,12,2023,127
10,1,12,2023,138
10,2,12,2023,144
10,3,12,2023,250
10,4,12,2023,88
10,5,12,2023,295
10,6,12,2023,82
10,7,12,2023,228
10,1,12,2023,248
10,2,12,2023,95
10,3,12,2023,78
10,4,12,2023,278
10,5,12,2023,179
10,6,12,2023,187
10,7,12,2023,81
10,1,12,2023,59
10,2,12,2023,270
10,3,12,2023,285
10,4,12,2023,182
10,5,12,2023,261
10,6,12,2023,90
10,7,12,2023,118
